	index	Dataset	Unit Id	Title Id	Title	Snippet Id	Snippet	Overlapping Snippet	Snippet Relevance Score	Number of Relevant Mentions	Overall Sentiment-Intensity	Relevant Mention	Relevant Mention Score	Positive Sentiment	Negative Sentiment	Neutral Sentiment	High Intensity	Low Intensity	Medium Intensity	Title Snippet Index
0	0	DS1	266	29729	Southern Ocean whale slaughter to resume	10-NonOver	`` And for that very reason , we 're doing our very best and are succeeding in keeping up with the factory whaling ship .	0	0.11	1	1.0			1.0	0.0	0.0	0.316227766	0.0	0.9486832981	10
1	1	DS1	17	31648	Greenpeace, Sea Shepherds end Southern Ocean whaling protest	10-Over	`` For a month now we have dogged , delayed and disrupted the whaling fleet in the Southern Ocean Whale Sanctuary , and have no doubt that they have fallen far behind in their bid to slaughter 935 minke whales and 10 endangered fin whales .	1	0.47	6	1.0			1.0	0.0	0.0	0.2182178902	0.4364357805	0.8728715609	10
2	2	DS1	49	120875	500 stranded melon-headed whales rescued in Philippine bay	5-Over	Using dozens of fishing boats with machines shut down and bare hands , more than 100 village fishermen and volunteers along with BFAR , local police and Philippine Coast Guard personnel have joined the massive rescue .	1	0.46	4	1.0			1.0	0.0	0.0	0.6246950476	0.0	0.7808688094	5
3	3	DS1	6	123451	One day after attempted rescue, six stranded whales die on Australian beach	9-Over	The other four whales rescued Tuesday are still believed to be at sea , and department officials are monitoring the ocean to verify their safety .	1	0.3	2	1.0			1.0	0.0	0.0	0.0	0.5144957554	0.8574929257	9
4	4	DS1	263	18187	Greenpeace tries to thwart Chesapeake Bay fishing fleet	15-Over	The Chesapeake Bay Foundation , a not-for-profit organization , had praise for Maryland Governor Robert Ehrlich , and the state 's Department of Natural Resources .	1	0.26	3	1.0			0.9899494937	0.0	0.1414213562	0.0	0.8574929257	0.5144957554	15
5	5	DS1	145	25940	"Japan to hunt 950 whales for ""scientific research"""	31-Over	`` There 's also increasing evidence that non-lethal means can be used to take data from whales to obtain information about whaling stocks . ''	1	0.14	3	1.0			0.9899494937	0.0	0.1414213562	0.1825741858	0.9128709292	0.3651483717	31
6	6	DS1	160	31479	Rescue teams try to save London whale	9-Over	They hope to be able to release the whale in as deep water as possible , but only if it is in good enough health .	1	0.68	8	1.0			0.9899494937	0.0	0.1414213562	0.0	0.7071067812	0.7071067812	9
7	7	DS1	180	28661	Greenpeace activists clash with Japanese whaling fleet in Southern Ocean	8-Over	In inflatables carrying banners which read `` defend the whales '' and `` stop the whaling , '' crew from the two ships declared their intention to stop the hunt .	1	0.33	5	1.0			0.9863939238	0.0	0.1643989873	0.7276068751	0.4850712501	0.4850712501	8
8	8	DS1	233	7290	13 pilot whales returning to sea, off Western Australia	8-Over	One CALM officer , Neil Taylor , told ABC News dozens of his colleagues and community volunteers had helped the whales survive throughout the night .	1	0.34	1	1.0			0.9863939238	0.1643989873	0.0	0.2182178902	0.8728715609	0.4364357805	8
9	9	DS1	21	31648	Greenpeace, Sea Shepherds end Southern Ocean whaling protest	13-Over	Hideki Moronuki from Japan 's Fisheries Agency is pleased the whaling mission will no longer be obstructed : `` Although Greenpeace say that they 're activities are peaceful , their activities are really dangerous and illegal , '' he said .	1	0.69	7	1.0			0.9863939238	0.1643989873	0.0	0.1924500897	0.1924500897	0.9622504486	13
10	10	DS1	87	87842	Japan backs down from hunting Humpback whales	4-Over	Today 's decision will save 50 humpback whales that Japanese whalers had planned to catch and kill in Antarctic waters .	1	0.82	12	1.0			0.9805806757	0.1961161351	0.0	0.2672612419	0.5345224838	0.8017837257	4
11	11	DS1	222	8453	Australian blitz on fish poaching	19-NonOver	`` Provide the extra funding , provide the extra resources to the Navy and the Customs and then they will be able to stop the illegal boats , not only when they run an operation but every day , every week , every month , '' Mr Vatskalis told the ABC .	0	0.12	1	1.0			0.9733285268	0.1622214211	0.1622214211	0.1825741858	0.3651483717	0.9128709292	19
12	12	DS1	270	29729	Southern Ocean whale slaughter to resume	15-Over	The whalers have been unable to kill any whales since Christmas Eve due to poor weather and harassment by Greenpeace vessels , and the Washington-based Sea Shepherd ship , RV Farley Mowat .	1	0.31	3	1.0			0.9733285268	0.1622214211	0.1622214211	0.4264014327	0.6396021491	0.6396021491	15
13	13	DS1	69	43426	IWC passes pro-whaling resolution after close vote	4-Over	The vote is considered a victory for Japan , which has long argued for a return to commercial whaling , and has been ` recruiting ' sympathetic nations to join the IWC in order to bolster its vote .	1	0.82	10	1.0			0.9622504486	0.1924500897	0.1924500897	0.0	0.8	0.6	4
14	14	DS1	163	31479	Rescue teams try to save London whale	14-Over	The whale sightings have captivated the British public , with spectators lining the banks of the Thames to take photographs and try and spot the whale .	1	0.38	7	1.0			0.9615239476	0.0	0.2747211279	0.1561737619	0.3123475238	0.9370425713	14
15	15	DS1	231	7290	13 pilot whales returning to sea, off Western Australia	6-Over	Several power boats and a spotter plane were escorting the surviving whales towards Cape Naturalist , in an operation expected to take several hours .	1	0.34	3	1.0			0.9486832981	0.0	0.316227766	0.1961161351	0.7844645406	0.5883484054	6
16	16	DS1	158	25940	"Japan to hunt 950 whales for ""scientific research"""	27-Over	He has advised that the Australian Government has very strong grounds to take Japan to in the International Law of the Sea to stop `` scientific '' whaling .	1	0.64	3	1.0			0.9486832981	0.0	0.316227766	0.6396021491	0.4264014327	0.6396021491	27
17	17	DS1	68	43426	IWC passes pro-whaling resolution after close vote	22-Over	Japanese commissioner , Mr Minoru Morimoto , praised the winning vote and said the declaration `` added weight to Japan 's proposal to normalize the IWC and bring it back to its original function of managing and regulating sustainable commercial whaling . ''	1	0.49	9	1.0			0.9486832981	0.0	0.316227766	0.4082482905	0.4082482905	0.8164965809	22
18	18	DS1	66	120875	500 stranded melon-headed whales rescued in Philippine bay	6-Over	With great difficulty , the emergency team has waded into the chest-deep water , clapping their hands and hitting the surface to guide and drive the whales farther away from the coastal shore to deeper waters .	1	0.54	7	1.0			0.9370425713	0.1561737619	0.3123475238	0.1561737619	0.3123475238	0.9370425713	6
19	19	DS1	8	31550	London whale dies	6-NonOver	A humane killing had been considered .	0	0.1	1	1.0			0.9370425713	0.3123475238	0.1561737619	0.1561737619	0.9370425713	0.3123475238	6
20	20	DS1	134	84170	Japan fishermen clash with surfers over 2007 dolphin hunt	10-Over	As the demand for whale and dolphin meat for use in sushi has declined , the Government of Japan now has to financially subsidize the industry to support the local economy .	1	0.18	3	1.0			0.9370425713	0.3123475238	0.1561737619	0.0	0.4472135955	0.894427191	10
21	21	DS1	228	7290	13 pilot whales returning to sea, off Western Australia	10-Over	`` I think the plan is that the vet will be there again [ today ] and will give them some vitamins to kick them along before they actually take their swim out to sea . ''	1	0.7	6	1.0			0.9284766909	0.0	0.3713906764	0.4850712501	0.7276068751	0.4850712501	10
22	22	DS1	271	29729	Southern Ocean whale slaughter to resume	35-Over	`` As far as I am concerned both Sea Shepherd and Greenpeace are working towards a common objective -- the shutting down of illegal whaling in the Southern Ocean , '' said Paul Watson .	1	0.56	5	1.0			0.9128709292	0.1825741858	0.3651483717	0.0	0.5144957554	0.8574929257	35
23	23	DS1	168	31479	Rescue teams try to save London whale	4-Over	Rescue teams quickly moved the whale onto an inflatable pontoon , keeping the whale in water but with its blowhole above the surface .	1	0.66	6	1.0			0.9128709292	0.1825741858	0.3651483717	0.1961161351	0.7844645406	0.5883484054	4
24	24	DS1	162	31479	Rescue teams try to save London whale	16-Over	Initial plans to transfer the whale from the barge `` Crossness '' to a deep-sea ship have been abandoned as the condition of the whale deteriorates , but it is still hoped to release the whale in the Thames estuary .	1	0.59	7	1.0			0.9128709292	0.1825741858	0.3651483717	0.0	0.7071067812	0.7071067812	16
25	25	DS1	78	43426	IWC passes pro-whaling resolution after close vote	18-NonOver	In response , Greenpeace says they were dedicated to the principles of `` peaceful protests '' , adding that the threat was to the world 's whales .	0	0.11	1	1.0			0.9128709292	0.1825741858	0.3651483717	0.1961161351	0.5883484054	0.7844645406	18
26	26	DS1	38	139305	Humpback whale found dead in River Thames, England	4-Over	It was the first whale of its kind to be found in the river .	1	0.71	4	1.0			0.9128709292	0.1825741858	0.3651483717	0.1961161351	0.5883484054	0.7844645406	4
27	27	DS1	41	139305	Humpback whale found dead in River Thames, England	15-Over	`` Although it 's obviously a sad outcome in this instance , the post-mortem examination has given us a rare opportunity to examine a truly extraordinary animal at close quarters .	1	0.12	1	1.0			0.9128709292	0.1825741858	0.3651483717	0.0	0.7071067812	0.7071067812	15
28	28	DS1	224	8453	Australian blitz on fish poaching	10-Over	A 1906 Australian claim on as much as 80 % of the waters has since been softened by a Memorandum of Understanding ( MOU ) between the two governments , recognizing some traditional fishing rights .	1	0.39	3	1.0			0.894427191	0.0	0.4472135955	0.0	0.4472135955	0.894427191	10
29	29	DS1	172	28687	Japanese whaling ship to dock in Hobart	6-Over	Greenpeace CEO Steve Shallhorn said that it is an opportunity for Australia to demonstrate its opposition .	1	0.16	6	1.0			0.894427191	0.0	0.4472135955	0.174077656	0.6963106238	0.6963106238	6
30	30	DS1	137	58447	Ship accident in Norwegian sea causes environmental catastrophe	5-NonOver	The entire 25-man crew was brought to land around 9pm by a Sea King-helicopter .	0	0.22	2	1.0			0.894427191	0.0	0.4472135955	0.2357022604	0.9428090416	0.2357022604	5
31	31	DS1	83	87842	Japan backs down from hunting Humpback whales	9-NonOver	`` I think there 's little doubt the Australian intervention has caused Tokyo to change its mind , '' he said .	0	0.3	5	1.0			0.894427191	0.0	0.4472135955	0.1561737619	0.3123475238	0.9370425713	9
32	32	DS1	202	28661	Greenpeace activists clash with Japanese whaling fleet in Southern Ocean	13-Over	`` We 're going to do everything we can over the coming weeks to interfere with the whaling process , and stop the whales being killed , '' he said , `` our small boats will be putting themselves between the harpoon and the whale .	1	0.4	8	1.0			0.894427191	0.4472135955	0.0	0.8703882798	0.3481553119	0.3481553119	13
33	33	DS1	173	28687	Japanese whaling ship to dock in Hobart	9-Over	`` In some respects it can be counter-productive although I share the passion , I share their objective , we share of the objective of trying to stop whaling , '' he said .	1	0.08	1	1.0			0.894427191	0.4472135955	0.0	0.5070925528	0.1690308509	0.8451542547	9
34	34	DS1	183	31648	Greenpeace, Sea Shepherds end Southern Ocean whaling protest	19-NonOver	Greenpeace Expedition Leader Shane Rattenbury has defended the risks taken by activists during the protests .	0	0.43	2	1.0			0.8728715609	0.2182178902	0.4364357805	0.0	0.9284766909	0.3713906764	19
35	35	DS1	221	8453	Australian blitz on fish poaching	17-Over	An Indonesian fisherman was last week fined $ A130 ,000 , setting a new record , after his boat was caught off with over 100kg of dried reef fish , 300kg of fish on ice and 10kg of dried shark fin .	1	0.24	4	1.0			0.8728715609	0.4364357805	0.2182178902	0.4850712501	0.4850712501	0.7276068751	17
36	36	DS1	169	31479	Rescue teams try to save London whale	8-Over	The British Divers Marine Life Rescue team lead the rescue effort .	1	0.66	6	1.0			0.8574929257	0.0	0.5144957554	0.5883484054	0.1961161351	0.7844645406	8
37	37	DS1	164	31479	Rescue teams try to save London whale	11-NonOver	The rescue mission is being filmed by television crews , including from helicopters , and broadcast live onto rolling news channels .	0	0.76	3	1.0			0.8574929257	0.0	0.5144957554	0.0	0.8574929257	0.5144957554	11
38	38	DS1	82	87842	Japan backs down from hunting Humpback whales	8-NonOver	Greenpeace Australia 's chief Steve Shallhorn , says it was Australia 's firm stand that forced Tokyo 's turnaround .	0	0.39	3	1.0			0.8574929257	0.0	0.5144957554	0.0	0.5144957554	0.8574929257	8
39	39	DS1	76	88610	Sperm whale stranded off coast of Florida in the US	8-Over	A sheriff 's office boat is there to keep the interested public at an appropriate , safe distance .	1	0.13	1	1.0			0.8451542547	0.1690308509	0.5070925528	0.0	0.9922778767	0.1240347346	8
40	40	DS1	51	120875	500 stranded melon-headed whales rescued in Philippine bay	26-Over	Dr Aragones , who holds a PhD on Tropical Environmental Studies ( Marine Ecology ) from Australia 's James Cook University , explained that `` the melon-headed whales of the dolphin family have sophisticated navigation systems that operate on a principle similar to sonar instruments used in submarines .	1	0.42	3	1.0			0.8320502943	0.0	0.5547001962	0.123091491	0.9847319278	0.123091491	26
41	41	DS1	130	120875	500 stranded melon-headed whales rescued in Philippine bay	27-NonOver	Like humans , dolphins also follow a ` leader ' of their pod .	0	0.1	1	1.0			0.8320502943	0.0	0.5547001962	0.3333333333	0.6666666667	0.6666666667	27
42	42	DS1	283	31392	Whale spotted in river Thames, Central London	6-Over	Normally found in the North Atlantic , there have been sightings of a second whale near Southend .	1	0.24	4	1.0			0.8017837257	0.2672612419	0.5345224838	0.2357022604	0.2357022604	0.9428090416	6
43	43	DS1	236	12184	International Whaling Commission adjourns for private talks	4-NonOver	Australia attempted to stop the adjournment accusing Japan of trying to stall the vote .	0	0.39	4	1.0			0.8017837257	0.5345224838	0.2672612419	0.4472135955	0.0	0.894427191	4
44	44	DS1	206	18187	Greenpeace tries to thwart Chesapeake Bay fishing fleet	10-Over	Chesapeake Bay menhaden are considered an important food source for fish species popular with sports fisherman .	1	0.29	3	1.0			0.8	0.0	0.6	0.0	0.8	0.6	10
45	45	DS1	20	31648	Greenpeace, Sea Shepherds end Southern Ocean whaling protest	8-Over	She said : `` it is now time to focus action on those controlling the whaling fleet . ''	1	0.28	2	1.0			0.7844645406	0.1961161351	0.5883484054	0.316227766	0.9486832981	0.0	8
46	46	DS1	25	31648	Greenpeace, Sea Shepherds end Southern Ocean whaling protest	12-Over	Japan has welcomed Greenpeace 's decision to leave the Southern Ocean .	1	0.88	11	1.0			0.7844645406	0.1961161351	0.5883484054	0.1622214211	0.9733285268	0.1622214211	12
47	47	DS1	104	48098	Confrontation between Greenpeace and fishermen off Marseille	5-Over	The confrontation was settled when Greenpeace accepted that a ship of the French Navy , the oceanic tug Abeille Flandre , escort her to another harbour for supply , before leaving for Spain .	1	0.8	10	1.0			0.7844645406	0.1961161351	0.5883484054	0.0	0.7071067812	0.7071067812	5
48	48	DS1	56	149645	48 whales beached in New Zealand	10-Over	`` We really just stood with them and as the tide came in and started floating , we were just able to push them out and away they went , '' said a local , Ted Haowden , as quoted by United Press International .	1	0.1	1	1.0			0.7844645406	0.1961161351	0.5883484054	0.1961161351	0.7844645406	0.5883484054	10
49	49	DS1	204	28661	Greenpeace activists clash with Japanese whaling fleet in Southern Ocean	10-Over	`` We positioned our two ships to the stern of the Japanese mother ship in order to prevent the whale being transferred on to the ship and we were successful in stopping that process for about 45-minutes , '' said Mr Rattenbury , describing a capture boat ramming the Greenpeace ship in an attempt to push it clear .	1	0.56	6	1.0			0.7844645406	0.5883484054	0.1961161351	0.0	0.7071067812	0.7071067812	10
50	50	DS1	176	29729	Southern Ocean whale slaughter to resume	16-Over	The Sea Shepherd is operating independently of Greenpeace but say they are working towards a common objective -- `` the shutting down of illegal whaling in the Southern Ocean . ''	1	0.72	4	1.0			0.7808688094	0.0	0.6246950476	0.5773502692	0.5773502692	0.5773502692	16
51	51	DS1	196	28661	Greenpeace activists clash with Japanese whaling fleet in Southern Ocean	9-Over	Leader of the Greenpeace expedition , Shane Rattenbury said their eight small boats have begun to `` interfere '' with the whaling process .	1	0.9	9	1.0			0.7715167498	0.6172133998	0.15430335	0.4423258685	0.8846517369	0.1474419562	9
52	52	DS1	118	43426	IWC passes pro-whaling resolution after close vote	10-NonOver	The stated aims of scientific whaling are to examine the stomach contents of captured whales , in order to examine the whale ecosystem and the effect that whales may have on fish stocks .	0	0.08	1	1.0			0.7427813527	0.3713906764	0.5570860145	0.3481553119	0.8703882798	0.3481553119	10
53	53	DS1	194	28661	Greenpeace activists clash with Japanese whaling fleet in Southern Ocean	22-Over	The area in which the Japanese fleet is hunting has been designated as the Antarctic Whale Sanctuary , in an effort to allow whale populations to recover after stocks were depleted during the commercial whaling of the last century .	1	0.18	4	1.0			0.7276068751	0.4850712501	0.4850712501	0.4850712501	0.4850712501	0.7276068751	22
54	54	DS1	268	29729	Southern Ocean whale slaughter to resume	8-Over	Greenpeace plan to maintain their efforts to keep the whalers in the public eye .	1	0.31	1	1.0			0.7276068751	0.4850712501	0.4850712501	0.0	0.8	0.6	8
55	55	DS1	258	18187	Greenpeace tries to thwart Chesapeake Bay fishing fleet	27-Over	A Chesapeake Bay Foundation senior scientist , William J. Goldsborough , said , `` I believe that a cap on the purse seine catch of menhaden at current levels , covering the total catch as well as removals from Chesapeake Bay , would be a prudent measure to adopt . ''	1	0.57	8	1.0			0.7071067812	0.0	0.7071067812	0.0	0.9701425001	0.242535625	27
56	56	DS1	247	32104	Anti-whaling Sea Shepherd crew detained in South Africa	9-Over	According to Scoop Independent , the ship and crew have been detained due to the International Maritime Organization 's ISPS Code .	1	0.45	4	1.0			0.7071067812	0.0	0.7071067812	0.2357022604	0.2357022604	0.9428090416	9
57	57	DS1	117	43426	IWC passes pro-whaling resolution after close vote	11-NonOver	However , the whale meat from scientific whaling catches is usually sold commercially in order to fund the research .	0	0.08	1	1.0			0.7071067812	0.0	0.7071067812	0.0	0.9486832981	0.316227766	11
58	58	DS1	50	120875	500 stranded melon-headed whales rescued in Philippine bay	12-NonOver	Joson and his son , Joey , a fisherman like him , have rushed home at about 4 a.m. to report the pod sighting .	0	0.08	1	1.0			0.7071067812	0.0	0.7071067812	0.1961161351	0.5883484054	0.7844645406	12
59	59	DS1	9	31550	London whale dies	7-Over	The whale managed to gather two days worth of media attention , with Londoners and people all over the world captivated by the unusual story .	1	0.87	4	1.0			0.6963106238	0.174077656	0.6963106238	0.1400280084	0.9801960588	0.1400280084	7
60	60	DS1	28	31648	Greenpeace, Sea Shepherds end Southern Ocean whaling protest	6-Over	Greenpeace say they will now switch the focus of the campaign to shed light on the corporate entities behind the commercial whaling industry .	1	0.71	5	1.0			0.6963106238	0.174077656	0.6963106238	0.1240347346	0.9922778767	0.0	6
61	61	DS1	47	120875	500 stranded melon-headed whales rescued in Philippine bay	7-Over	`` The mammals were at first thought to have been dolphins , but experts then identified them as melon-headed whales , '' local veterinarian Mariel Flores said .	1	0.84	4	1.0			0.6963106238	0.174077656	0.6963106238	0.1561737619	0.9370425713	0.3123475238	7
62	62	DS1	220	8453	Australian blitz on fish poaching	5-Over	`` I think all of the illegal vessels up there , because of their inter-vessel communication will now be aware that there is a major sting on by the Australian authorities and those that have n't been arrested , I think will be hightailing it back to Indonesian ports as we speak , '' said Senator MacDonald .	1	0.12	4	1.0			0.6882472016	0.2294157339	0.6882472016	0.0	0.6	0.8	5
63	63	DS1	214	8496	Norwegian whaling season starts with highest quota in a decade	4-Over	Last years quota of 670 was raised this year despite fishermen failing to reach their quota last year .	1	0.67	6	1.0			0.6882472016	0.2294157339	0.6882472016	0.0	0.9284766909	0.3713906764	4
64	64	DS1	55	120875	500 stranded melon-headed whales rescued in Philippine bay	4-Over	The Philippines Bureau of Fisheries and Aquatic Resources ( BFAR ) said its has responded to the reported mass `` stranding '' of whales off Pilar coastal waters in the province of Bataan where the famous and historic Corregidor Island is located .	1	0.99	13	1.0			0.6882472016	0.2294157339	0.6882472016	0.2182178902	0.8728715609	0.4364357805	4
65	65	DS1	285	31392	Whale spotted in river Thames, Central London	5-Over	The whale is said to be looking healthy , although some fear that the whale may beach itself as it tried to do before rescuers forced it back into the middle of the river .	1	0.08	2	1.0			0.6882472016	0.6882472016	0.2294157339	0.0	0.9284766909	0.3713906764	5
66	66	DS1	2	43426	IWC passes pro-whaling resolution after close vote	6-Over	Previous votes during the conference had been narrowly won by the anti-whaling group of countries , including a motion to introduce secret ballots , to introduce an exemption allowing Japanese coastal communities to whale , the elimination of a Southern Ocean whale sanctuary and a block on the IWC discussing dolphins and porpoises .	1	0.3	4	1.0			0.6666666667	0.6666666667	0.3333333333	0.0	0.7071067812	0.7071067812	6
67	67	DS1	239	18187	Greenpeace tries to thwart Chesapeake Bay fishing fleet	5-NonOver	The Coast Guard was called in and ended the confrontation peacefully .	0	0.14	1	1.0			0.6396021491	0.4264014327	0.6396021491	0.0	0.9486832981	0.316227766	5
68	68	DS1	276	30046	Indonesian fishermen jailed for fishing offences in Australian waters	7-NonOver	The WA Fisheries Department says the jail terms reflect the seriousness with which the offence is being viewed .	0	0.36	6	1.0			0.6396021491	0.4264014327	0.6396021491	0.1961161351	0.7844645406	0.5883484054	7
69	69	DS1	57	149645	48 whales beached in New Zealand	14-Over	Scientists do n't know why the whales become stranded .	1	0.58	1	1.0			0.6396021491	0.4264014327	0.6396021491	0.1825741858	0.9128709292	0.3651483717	14
70	70	DS1	90	32104	Anti-whaling Sea Shepherd crew detained in South Africa	15-Over	The official said the detention was in line with Canadian maritime laws and followed correspondence from Canada requesting the authorities check the ship .	1	0.63	6	1.0			0.6246950476	0.0	0.7808688094	0.1561737619	0.9370425713	0.3123475238	15
71	71	DS1	74	123451	One day after attempted rescue, six stranded whales die on Australian beach	12-Over	The whales tried swimming back to shore shortly after the Tuesday rescue , but conservation officials guided them to deeper waters with the hopes that they would stay out at sea .	1	0.15	1	1.0			0.6246950476	0.0	0.7808688094	0.1561737619	0.9370425713	0.3123475238	12
72	72	DS1	19	31648	Greenpeace, Sea Shepherds end Southern Ocean whaling protest	15-NonOver	They escaped serious injury when the Japanese allegedly rammed their vessel , and when a protester was pulled overboard by a harpoon rope .	0	0.42	3	1.0			0.6172133998	0.7715167498	0.15430335	0.4423258685	0.1474419562	0.8846517369	15
73	73	DS1	99	101383	Protester says Japanese whalers shot him	25-NonOver	Last month Australia released film of whale slaughter taken from its customs ship , the Oceanic Viking , and said the footage could be used in a potential international legal challenge to Japan 's whaling activities .	0	0.2	3	1.0			0.6172133998	0.7715167498	0.15430335	0.3333333333	0.6666666667	0.6666666667	25
74	74	DS1	129	120875	500 stranded melon-headed whales rescued in Philippine bay	30-Over	Dr Aragones said `` BFAR , UPIESM , and the Ocean Adventure Marine Park in Subic started the Philippine Marine Mammals Stranding Network ( PMMSN ) in 2005 as a response to cetacean strandings or beachings . ''	1	0.15	2	1.0			0.6	0.0	0.8	0.0	0.9863939238	0.1643989873	30
75	75	DS1	192	28661	Greenpeace activists clash with Japanese whaling fleet in Southern Ocean	14-Over	In a radio call to the whaling vessels , from the bridge of the Arctic Sunrise , Yuko Hirono , of Greenpeace Japan called upon the whalers to stop killing whales `` and leave the internationally recognised Southern Ocean Whale Sanctuary . ''	1	0.74	15	1.0			0.5883484054	0.1961161351	0.7844645406	0.3651483717	0.9128709292	0.1825741858	14
76	76	DS1	191	28661	Greenpeace activists clash with Japanese whaling fleet in Southern Ocean	23-Over	Seventy crew and campaigners from 19 countries are on board the two Greenpeace vessels , including the UK , Netherlands , Canada , Australia , Ghana , Russia , Norway , Denmark , USA , France , Italy , Japan , Ireland , India , New Zealand , Spain , Sweden , Austria and Argentina .	1	0.28	3	1.0			0.5883484054	0.1961161351	0.7844645406	0.0	0.8574929257	0.5144957554	23
77	77	DS1	184	31648	Greenpeace, Sea Shepherds end Southern Ocean whaling protest	9-Over	Greenpeace Southern Ocean Expedition Leader Shane Rattenbury said , `` Logistically we can not remain in the Southern Ocean any longer , but this certainly is n't the last you 'll hear of us ... We now need the public to focus their attention on the corporates linked to the commercial whaling . ''	1	0.61	6	1.0			0.5883484054	0.1961161351	0.7844645406	0.0	0.8574929257	0.5144957554	9
78	78	DS1	88	32104	Anti-whaling Sea Shepherd crew detained in South Africa	8-NonOver	According to SAMSA , the detention adheres to Canadian maritime laws and followed correspondence from Canada , who requested that the authorities check the ship .	0	0.1	1	1.0			0.5883484054	0.1961161351	0.7844645406	0.0	1.0	0.0	8
79	79	DS1	144	29729	Southern Ocean whale slaughter to resume	5-Over	Greenpeace has two ships , MV Esperanza and MV Arctic Sunrise , active near Antarctica , in an effort to disrupt the whalers , who intend on slaughtering over 900 Minke whales and 10 Fin whales in the region this summer .	1	0.63	6	1.0			0.5883484054	0.7844645406	0.1961161351	0.3651483717	0.1825741858	0.9128709292	5
80	80	DS1	182	31008	Australians unite against whaling in Southern Ocean	5-Over	Japan &#39; s JARPA Japanese Whale Research Program was allowed to operate under a Special Permit in the Antarctic according to Article VIII of the International Convention for the Regulation of Whaling .	1	0.1	1	1.0			0.5773502692	0.5773502692	0.5773502692	0.0	1.0	0.0	5
81	81	DS1	133	84170	Japan fishermen clash with surfers over 2007 dolphin hunt	4-Over	After successfully defending the hunt , by using boat propellers and boat hooks against the group of surfers , who were joined by actress Hayden Panettiere , the fishermen have started their annual cull .	1	0.55	7	1.0			0.5773502692	0.5773502692	0.5773502692	0.0	0.4472135955	0.894427191	4
82	82	DS1	86	87842	Japan backs down from hunting Humpback whales	7-NonOver	Australia increased that pressure on Wednesday when it announced it would send a ship and planes to track the Japanese fleet and gather evidence that could be used to mount a legal challenge to Japanese whaling .	0	0.15	5	1.0			0.5773502692	0.5773502692	0.5773502692	0.1400280084	0.9801960588	0.1400280084	7
83	83	DS1	246	32104	Anti-whaling Sea Shepherd crew detained in South Africa	5-Over	The Farley Mowat , which sailed from Melbourne , Australia on December 6 , was detained in Cape Town harbour , following a request from the Canadian government .	1	0.23	3	1.0			0.5570860145	0.3713906764	0.7427813527	0.0	0.7808688094	0.6246950476	5
84	84	DS1	14	123451	One day after attempted rescue, six stranded whales die on Australian beach	4-Over	More than 70 of the mammals died , along with four dolphins , but about 10 whales were guided back out to sea by officials from the Australian Department of Environment and Conservation .	1	0.24	4	1.0			0.5570860145	0.3713906764	0.7427813527	0.0	0.9922778767	0.1240347346	4
85	85	DS1	81	87842	Japan backs down from hunting Humpback whales	6-Over	Japan has been under pressure from conservation groups , the United States , Australia and New Zealand not to hunt humpback whales - which are considered near extinction .	1	0.78	9	1.0			0.5570860145	0.7427813527	0.3713906764	0.5570860145	0.3713906764	0.7427813527	6
86	86	DS1	234	7290	13 pilot whales returning to sea, off Western Australia	4-Over	More than 300 people were watching as the whales set out to sea following a 30 hour rescue effort .	1	0.67	6	1.0			0.5144957554	0.0	0.8574929257	0.1622214211	0.9733285268	0.1622214211	4
87	87	DS1	284	31392	Whale spotted in river Thames, Central London	4-Over	TV news helicopters scrambled to provide live TV footage of the whale , and many spectators lined the banks of the river .	1	0.97	9	1.0			0.5144957554	0.0	0.8574929257	0.0	1.0	0.0	4
88	88	DS1	245	32104	Anti-whaling Sea Shepherd crew detained in South Africa	4-Over	The South African Maritime Safety Authority ( SAMSA ) have placed a guard on the gangplank and are patrolling the ship .	1	0.79	8	1.0			0.5144957554	0.0	0.8574929257	0.1414213562	0.9899494937	0.0	4
89	89	DS1	32	43426	IWC passes pro-whaling resolution after close vote	13-Over	Other whaling allowed under the IWC moratorium includes subsistence whaling by aboriginal groups .	1	0.64	6	1.0			0.5144957554	0.0	0.8574929257	0.0	0.9899494937	0.1414213562	13
90	90	DS1	45	163255	Whaling activist arrested by Japan	7-NonOver	Activist groups such as Sea Shepherd , however , say that the program is a cover for commercial whaling , banned worldwide in 1986 .	0	0.11	2	1.0			0.4866642634	0.8111071057	0.3244428423	0.1474419562	0.8846517369	0.4423258685	7
91	91	DS1	34	43426	IWC passes pro-whaling resolution after close vote	7-Over	Commercial whaling has been banned under the IWC moratorium since 1986 , but some whaling has been able to continue .	1	0.32	5	1.0			0.4850712501	0.4850712501	0.7276068751	0.0	0.8	0.6	7
92	92	DS1	107	88610	Sperm whale stranded off coast of Florida in the US	9-Over	We do n't want anybody to get hurt , and we do n't want to stress the whale any more than it is , '' said spokeswoman for Mote , Nadine Slimak .	1	0.23	1	1.0			0.4850712501	0.4850712501	0.7276068751	0.2294157339	0.6882472016	0.6882472016	9
93	93	DS1	219	8453	Australian blitz on fish poaching	7-NonOver	`` We are talking about large-scale commercial operations rather than simply subsistence fishing , '' Macdonald said in a statement , indicating that fifteen of the boats were large vessels with ice for storage .	0	0.55	5	1.0			0.4850712501	0.7276068751	0.4850712501	0.0	0.6	0.8	7
94	94	DS1	210	8496	Norwegian whaling season starts with highest quota in a decade	8-Over	Norway is the only country in the world to allow commercial whaling .	1	0.47	4	1.0			0.4850712501	0.7276068751	0.4850712501	0.2294157339	0.6882472016	0.6882472016	8
95	95	DS1	198	28661	Greenpeace activists clash with Japanese whaling fleet in Southern Ocean	4-Over	The Japanese whaling fleet has an expected catch of over 900 minke whales -- more than double its previous catch .	1	0.28	3	1.0			0.4850712501	0.7276068751	0.4850712501	0.4850712501	0.7276068751	0.4850712501	4
96	96	DS1	167	31479	Rescue teams try to save London whale	6-Over	The breathing rate of the whale was around four inhalations per minute .	1	0.13	1	1.0			0.4472135955	0.0	0.894427191	0.0	0.894427191	0.4472135955	6
97	97	DS1	53	120875	500 stranded melon-headed whales rescued in Philippine bay	24-NonOver	`` We are trying to come up with a possible explanation to this unusual occurrence .	0	0.1	1	1.0			0.4472135955	0.0	0.894427191	0.1690308509	0.8451542547	0.5070925528	24
98	98	DS1	188	28687	Japanese whaling ship to dock in Hobart	7-Over	`` The Australian Government does have control over port authorities and we believe it does have the possibility to refuse to allow the ship to be refuelled , '' he said .	1	0.48	7	1.0			0.4364357805	0.2182178902	0.8728715609	0.2294157339	0.6882472016	0.6882472016	7
99	99	DS1	212	8496	Norwegian whaling season starts with highest quota in a decade	12-Over	The economic argument is that whaling provides employment and economic stimulant for fishery , logistic , restaurant and other related industries in developed countries .	1	0.13	2	1.0			0.4264014327	0.6396021491	0.6396021491	0.0	0.7071067812	0.7071067812	12
100	100	DS1	185	31648	Greenpeace, Sea Shepherds end Southern Ocean whaling protest	7-Over	Greenpeace New Zealand whales campaigner , Pia Mancia , said the two ships exposed the reality of the Japanese commercial whaling operation to the world .	1	0.43	5	1.0			0.4264014327	0.6396021491	0.6396021491	0.1961161351	0.7844645406	0.5883484054	7
101	101	DS1	126	101383	Protester says Japanese whalers shot him	5-NonOver	Watson told Australian radio : `` It bruised my shoulder but it would have hit my heart if I did n't have the vest '' .	0	0.48	5	1.0			0.4264014327	0.6396021491	0.6396021491	0.4082482905	0.8164965809	0.4082482905	5
102	102	DS1	52	120875	500 stranded melon-headed whales rescued in Philippine bay	10-NonOver	`` It looked like they never wanted to leave .	0	0.1	1	1.0			0.4264014327	0.6396021491	0.6396021491	0.1414213562	0.9899494937	0.0	10
103	103	DS1	36	139305	Humpback whale found dead in River Thames, England	7-Over	There were no subsequent sightings of the whale until Saturday morning , when the humpback whale 's carcass was found near Dartford Bridge .	1	0.94	7	1.0			0.4264014327	0.6396021491	0.6396021491	0.4082482905	0.4082482905	0.8164965809	7
104	104	DS1	193	28661	Greenpeace activists clash with Japanese whaling fleet in Southern Ocean	17-Over	The Institute of Cetacean Research say their research does not involve illegal whaling .	1	0.18	1	1.0			0.4082482905	0.4082482905	0.8164965809	0.0	0.8574929257	0.5144957554	17
105	105	DS1	265	29729	Southern Ocean whale slaughter to resume	28-Over	Japan 's Fisheries Agency , which conducts the whaling , said the claim was a tactic by Sea Shepherd to try to raise the stakes for extra publicity .	1	0.11	1	1.0			0.4082482905	0.4082482905	0.8164965809	0.1961161351	0.7844645406	0.5883484054	28
106	106	DS1	181	31008	Australians unite against whaling in Southern Ocean	4-Over	The day of action was being marked to protest the actions of the fleet which protesters believe violate the 1986 International Whaling Commission ( IWC ) global ban on commercial whaling .	1	0.29	6	1.0			0.4082482905	0.4082482905	0.8164965809	0.1961161351	0.5883484054	0.7844645406	4
107	107	DS1	40	139305	Humpback whale found dead in River Thames, England	14-Over	There have only been 12 strandings of humpback whales in the last 20 years and this is an incredibly unusual event . ''	1	0.35	1	1.0			0.4082482905	0.4082482905	0.8164965809	0.1825741858	0.3651483717	0.9128709292	14
108	108	DS1	63	149645	48 whales beached in New Zealand	4-Over	The pilot whales beached themselves at Port Levy on South Island , but dozens of volunteers helped to try and get them back out to the open water out of the inlet , which is muddy and shallow .	1	0.38	5	1.0			0.4082482905	0.4082482905	0.8164965809	0.1825741858	0.9128709292	0.3651483717	4
109	109	DS1	46	163255	Whaling activist arrested by Japan	8-NonOver	A member of the Sea Shepherd Conservation Society , Paul Watson , captain of another anti-whaling vessel , said that he thought the arrest of Bethune would provide greater support for their actions .	0	0.93	7	1.0			0.4082482905	0.4082482905	0.8164965809	0.0	0.7071067812	0.7071067812	8
110	110	DS1	1	32104	Anti-whaling Sea Shepherd crew detained in South Africa	6-NonOver	A SAMSA official said the ship did not have the required certification .	0	0.07	2	1.0			0.4082482905	0.8164965809	0.4082482905	0.0	0.9899494937	0.1414213562	6
111	111	DS1	229	7290	13 pilot whales returning to sea, off Western Australia	9-NonOver	`` The vet has checked them all and given them some antibiotics yesterday , last thing before dark , '' he had told the Australian national broadcaster .	0	0.12	1	1.0			0.3939192986	0.0	0.91914503	0.0	0.9701425001	0.242535625	9
112	112	DS1	85	87842	Japan backs down from hunting Humpback whales	11-NonOver	A Japanese government spokesman says Friday 's decision was made after talks with the International Whaling Commission , which is currently chaired by the United States .	0	0.44	5	1.0			0.3939192986	0.0	0.91914503	0.1104315261	0.9938837347	0.0	11
113	113	DS1	227	8453	Australian blitz on fish poaching	18-Over	The Northern Territory Fisheries Minister , Kon Vatskalis , on ABC Radio asked the Federal Government to commit the same level of resources permanently .	1	0.1	1	1.0			0.3713906764	0.0	0.9284766909	0.0	0.9863939238	0.1643989873	18
114	114	DS1	267	29729	Southern Ocean whale slaughter to resume	12-NonOver	He said Greenpeace will continue its high-speed tailing for as long as it takes .	0	0.1	1	1.0			0.3713906764	0.0	0.9284766909	0.0	0.9284766909	0.3713906764	12
115	115	DS1	170	31479	Rescue teams try to save London whale	12-Over	Mark Stevens , a member of the British Divers Marine Life Rescue team reported on the situation live on TV using a mobile phone , direct from the scene where he was standing in the water .	1	0.08	2	1.0			0.3713906764	0.0	0.9284766909	0.0	0.9284766909	0.3713906764	12
116	116	DS1	187	31648	Greenpeace, Sea Shepherds end Southern Ocean whaling protest	18-Over	The Japanese say their whale cull is scientific research and that they will continue their whaling .	1	0.26	2	1.0			0.3713906764	0.5570860145	0.7427813527	0.174077656	0.6963106238	0.6963106238	18
117	117	DS1	24	31648	Greenpeace, Sea Shepherds end Southern Ocean whaling protest	26-Over	It is this aspect of the program which is often inaccurately sensationalised as illegal commercial whaling , reads a statement on their website .	1	0.07	1	1.0			0.3713906764	0.5570860145	0.7427813527	0.0	0.894427191	0.4472135955	26
118	118	DS1	179	28661	Greenpeace activists clash with Japanese whaling fleet in Southern Ocean	15-Over	Japan 's scientific whaling has been the subject of repeated criticism by the International Whaling Commission .	1	0.33	4	1.0			0.3713906764	0.9284766909	0.0	0.0	0.9284766909	0.3713906764	15
119	119	DS1	249	31462	Experts fear for the health of London whale	7-Over	According to blogger Andrew ( eyedropper.co.uk ) , a BBC picture editor , if the whale should die it would be up to Admiral the Lord Boyce GCB OBE ` to arrange for a tooth to be extracted and sent to the Natural History Museum , and a proper burial to be made ' .	1	0.18	1	1.0			0.3651483717	0.1825741858	0.9128709292	0.0	0.8574929257	0.5144957554	7
120	120	DS1	35	139305	Humpback whale found dead in River Thames, England	5-Over	The first and only reported sighting of the whale was on Thursday when it was spotted in the same river , between the London districts of Northfleet and Tilbury .	1	0.34	7	1.0			0.3651483717	0.1825741858	0.9128709292	0.0	0.7071067812	0.7071067812	5
121	121	DS1	4	43426	IWC passes pro-whaling resolution after close vote	17-Over	A paragraph within the declaration passed at the IWC meeting suggested that a number of international NGOs with self-interest campaigns were using threats in an attempt to direct government policy `` on matters of sovereign rights related to the use of resources for food security and national development '' .	1	0.22	2	1.0			0.3651483717	0.9128709292	0.1825741858	0.1825741858	0.3651483717	0.9128709292	17
122	122	DS1	29	31648	Greenpeace, Sea Shepherds end Southern Ocean whaling protest	25-Over	The ICR say they `` do not , in any way , involve illegal whaling ... under the IWC 's no waste rules the by-products of the research program , including whale meat , are required so far as practicable to be processed .	1	0.1	1	1.0			0.3481553119	0.8703882798	0.3481553119	0.1561737619	0.9370425713	0.3123475238	25
123	123	DS1	11	139305	Humpback whale found dead in River Thames, England	10-NonOver	Rob Deaville , a zoologist at the society said : `` Once [ whales ] get into the river system it is very difficult for them to get out again .	0	0.72	4	1.0			0.3244428423	0.8111071057	0.4866642634	0.3333333333	0.6666666667	0.6666666667	10
124	124	DS1	77	88610	Sperm whale stranded off coast of Florida in the US	11-Over	In the past 10 years , two dead whales washed up on the western shores of Florida .	1	0.38	2	1.0			0.3015113446	0.9045340337	0.3015113446	0.1360827635	0.9525793444	0.272165527	11
125	125	DS1	127	101383	Protester says Japanese whalers shot him	22-Over	Two Sea Shepherd protesters were taken hostage in January after they boarded a Japanese harpoon ship , the Yushin Maru No. 2 , and Australia later brokered their release .	1	0.1	1	1.0			0.3015113446	0.9045340337	0.3015113446	0.1360827635	0.272165527	0.9525793444	22
126	126	DS1	42	163255	Whaling activist arrested by Japan	5-Over	The arrest has generated great publicity in Japan , where public opinion is generally in favor of whaling , and the Sea Shepherd Conservation Society is consistently criticized .	1	0.46	3	1.0			0.3015113446	0.9045340337	0.3015113446	0.15430335	0.6172133998	0.7715167498	5
127	127	DS1	199	28661	Greenpeace activists clash with Japanese whaling fleet in Southern Ocean	16-Over	The Japanese Institute of Cetacean Research , claim the amount of scientific data gathered by Japan 's research program ( JARPAII ) is extensive and that Japan 's whale research programs are conducted in accordance with the International Convention for the Regulation of Whaling .	1	0.21	5	1.0			0.2747211279	0.0	0.9615239476	0.1561737619	0.9370425713	0.3123475238	16
128	128	DS1	3	43426	IWC passes pro-whaling resolution after close vote	5-Over	The vote does not directly enable a return to commercial whaling , as that would require a three quarters majority , but is significant in being the first time that a major vote at the IWC has sided with the pro-whaling nations in two decades .	1	0.9	11	1.0			0.2672612419	0.5345224838	0.8017837257	0.0	0.7071067812	0.7071067812	5
129	129	DS1	153	25940	"Japan to hunt 950 whales for ""scientific research"""	20-Over	International Fund for Animal Welfare condemns what it calls a `` mass killing program -- a defiance of international criticism and a global ban on commercial whaling -- as commercial whaling disguised as science . ''	1	0.72	12	1.0			0.2672612419	0.8017837257	0.5345224838	0.9428090416	0.2357022604	0.2357022604	20
130	130	DS1	253	30046	Indonesian fishermen jailed for fishing offences in Australian waters	16-Over	Three of the captains have been caught fishing in Australian waters before between 1997 and 2004 .	1	0.36	4	1.0			0.2672612419	0.8017837257	0.5345224838	0.5773502692	0.5773502692	0.5773502692	16
131	131	DS1	7	31550	London whale dies	5-Over	The death of the whale saved the rescue team from having to decide whether it was advisable to release the whale in such a weak condition .	1	0.48	2	1.0			0.2672612419	0.8017837257	0.5345224838	0.0	0.894427191	0.4472135955	5
132	132	DS1	161	31479	Rescue teams try to save London whale	5-Over	Experts then tried to evaluate the condition of the whale by performing ultrasound checks to see how much blubber and blood the whale has , and by taking some blood tests .	1	0.42	7	1.0			0.242535625	0.0	0.9701425001	0.0	0.9701425001	0.242535625	5
133	133	DS1	79	87842	Japan backs down from hunting Humpback whales	10-Over	`` I think the Japanese government found that they could not defend the killing of humpback whales , which are listed under appendix A of the CITES convention , which is the international trade on endangered species convention . ''	1	0.39	4	1.0			0.242535625	0.9701425001	0.0	0.3015113446	0.3015113446	0.9045340337	10
134	134	DS1	211	8496	Norwegian whaling season starts with highest quota in a decade	5-NonOver	Environmental activists from groups such as Greenpeace have denounced the increase .	0	0.28	2	1.0			0.2357022604	0.9428090416	0.2357022604	0.2672612419	0.5345224838	0.8017837257	5
135	135	DS1	272	29729	Southern Ocean whale slaughter to resume	14-Over	`` The [ Japanese ] fleet is clearly embarrassed by having their actions exposed to the world , since the spotlight on their activities shows what it really is - commercial whaling with a very thin disguise . ''	1	0.23	2	1.0			0.2357022604	0.9428090416	0.2357022604	0.2357022604	0.9428090416	0.2357022604	14
136	136	DS1	275	30046	Indonesian fishermen jailed for fishing offences in Australian waters	9-NonOver	He says their actions are a serious breach of fisheries laws .	0	0.36	2	1.0			0.2357022604	0.9428090416	0.2357022604	0.2357022604	0.2357022604	0.9428090416	9
137	137	DS1	141	29729	Southern Ocean whale slaughter to resume	6-Over	The activists aim to stop the Japanese whaling fleet as it tries to catch nearly 1000 whales for what is claimed to be scientific research .	1	0.31	2	1.0			0.2294157339	0.6882472016	0.6882472016	0.0	0.6	0.8	6
138	138	DS1	165	31479	Rescue teams try to save London whale	13-Over	At one point he asked the BBC to tell their helicopter to fly higher , as the noise made the whale 's breathing rate temporarily go up .	1	0.38	4	1.0			0.2294157339	0.6882472016	0.6882472016	0.0	0.8	0.6	13
139	139	DS1	238	12184	International Whaling Commission adjourns for private talks	6-NonOver	The three countries are expected to follow Japan 's pro-whaling line .	0	0.19	3	1.0			0.2182178902	0.8728715609	0.4364357805	0.0	0.9284766909	0.3713906764	6
140	140	DS1	106	48098	Confrontation between Greenpeace and fishermen off Marseille	4-Over	The fishermen encircled the Rainbow Warrior II , leaving her only the room to receive supply from the land by means of small boats .	1	0.29	4	1.0			0.2182178902	0.8728715609	0.4364357805	0.2294157339	0.6882472016	0.6882472016	4
141	141	DS1	101	101383	Protester says Japanese whalers shot him	14-Over	Japan also told the Australian Embassy that one of the crew members of the Nisshin Maru had fired a warning shot in the air .	1	0.28	6	1.0			0.2182178902	0.8728715609	0.4364357805	0.2294157339	0.6882472016	0.6882472016	14
142	142	DS1	200	28661	Greenpeace activists clash with Japanese whaling fleet in Southern Ocean	6-NonOver	Fin whales are the second largest creatures on earth .	0	0.14	1	1.0			0.1961161351	0.0	0.9805806757	0.0	0.894427191	0.4472135955	6
143	143	DS1	252	30046	Indonesian fishermen jailed for fishing offences in Australian waters	15-Over	The captains were fined between $ 9,000 and $ 15,000 for fishing and taking trochus shell from Australian waters off the north-west coast last month .	1	0.83	9	1.0			0.1961161351	0.5883484054	0.7844645406	0.0	0.7071067812	0.7071067812	15
144	144	DS1	27	31648	Greenpeace, Sea Shepherds end Southern Ocean whaling protest	14-Over	Protesters spent much of their time in the Southern Ocean in inflatable Zodiac boats , placing themselves precariously between harpoons and whales .	1	0.61	6	1.0			0.1961161351	0.5883484054	0.7844645406	0.1825741858	0.9128709292	0.3651483717	14
145	145	DS1	125	101383	Protester says Japanese whalers shot him	8-NonOver	David Page , the ship 's doctor , was filmed by the Sea Shepherd group prying a bullet from Watsons 's Kevlar vest , and said `` You have been hit by a bullet '' .	0	0.58	8	1.0			0.1961161351	0.7844645406	0.5883484054	0.6396021491	0.4264014327	0.6396021491	8
146	146	DS1	103	101383	Protester says Japanese whalers shot him	11-Over	Glenn Inwood , spokesman for the Japanese whalers , told ABC Radio : `` Any claim from Paul Watson that he was fired at with a gun and has a bullet lodged in his bulletproof vest is absolutely false . ''	1	0.94	12	1.0			0.1961161351	0.7844645406	0.5883484054	0.6396021491	0.6396021491	0.4264014327	11
147	147	DS1	108	88610	Sperm whale stranded off coast of Florida in the US	5-Over	Currently it is swimming in just nine feet of water less than half a mile off shore and officials are determining how to proceed with the situation .	1	0.23	5	1.0			0.1924500897	0.1924500897	0.9622504486	0.0	0.9863939238	0.1643989873	5
148	148	DS1	26	31648	Greenpeace, Sea Shepherds end Southern Ocean whaling protest	23-Over	The Japan Whaling Association ( JWA ) , which promotes and protects Japan 's whaling culture says , `` The moratorium on commercial whaling is an anomaly . ''	1	0.1	3	1.0			0.1825741858	0.3651483717	0.9128709292	0.0	0.9899494937	0.1414213562	23
149	149	DS1	22	31648	Greenpeace, Sea Shepherds end Southern Ocean whaling protest	24-NonOver	Japan 's Institute of Cetacean Research ( ICR ) says the whale research programs are conducted in accordance with the International Convention for the Regulation of Whaling .	0	0.14	2	1.0			0.1825741858	0.3651483717	0.9128709292	0.0	0.9486832981	0.316227766	24
150	150	DS1	116	43426	IWC passes pro-whaling resolution after close vote	8-NonOver	Japan and Iceland have hunted a number of Minke whales every year under an exemption for ` scientific whaling ' .	0	0.08	1	1.0			0.1825741858	0.3651483717	0.9128709292	0.0	0.9899494937	0.1414213562	8
151	151	DS1	93	84170	Japan fishermen clash with surfers over 2007 dolphin hunt	6-NonOver	The dolphins are diverted from their migration route by banging metal rods .	0	0.22	1	1.0			0.1825741858	0.3651483717	0.9128709292	0.0	0.9486832981	0.316227766	6
152	152	DS1	10	139305	Humpback whale found dead in River Thames, England	11-Over	Further tests are still pending and may provide additional information about what happened to this whale . ''	1	0.31	2	1.0			0.1825741858	0.3651483717	0.9128709292	0.0	0.9486832981	0.316227766	11
153	153	DS1	62	149645	48 whales beached in New Zealand	11-Over	Locals are expected to bury the dead whales this afternoon .	1	0.15	2	1.0			0.1825741858	0.3651483717	0.9128709292	0.0	0.9486832981	0.316227766	11
154	154	DS1	65	120875	500 stranded melon-headed whales rescued in Philippine bay	23-Over	This is the first time that such large numbers of dolphins had been stranded in the Philippines .	1	0.72	6	1.0			0.1825741858	0.9128709292	0.3651483717	0.1825741858	0.3651483717	0.9128709292	23
155	155	DS1	189	28687	Japanese whaling ship to dock in Hobart	10-Over	Japan claims that its whaling activities in the Southern Ocean are for scientific purposes , and reject suggestions that the catch is commercial .	1	0.29	2	1.0			0.174077656	0.6963106238	0.6963106238	0.1690308509	0.8451542547	0.5070925528	10
156	156	DS1	278	30046	Indonesian fishermen jailed for fishing offences in Australian waters	8-Over	Department officer Chris Mitchell says the fishermen had traversed 200 miles of Commonwealth waters and were inside the three nautical mile state limit when they were caught .	1	0.4	3	1.0			0.174077656	0.6963106238	0.6963106238	0.1690308509	0.8451542547	0.5070925528	8
157	157	DS1	136	58447	Ship accident in Norwegian sea causes environmental catastrophe	4-NonOver	The oil reached land a short time after the breakdown .	0	0.22	2	1.0			0.174077656	0.6963106238	0.6963106238	0.1561737619	0.9370425713	0.3123475238	4
158	158	DS1	33	43426	IWC passes pro-whaling resolution after close vote	23-Over	The IWC has historically always voted against pro-whaling motions by a majority of around ten votes , but the number of members favoring a return to commercial whaling has increased in recent years , with Japan persuading several new countries to join the IWC , including many that have never done any whaling at all .	1	0.56	9	1.0			0.1690308509	0.5070925528	0.8451542547	0.1690308509	0.5070925528	0.8451542547	23
159	159	DS1	39	139305	Humpback whale found dead in River Thames, England	13-NonOver	He also commented : `` Preliminary results from the post-mortem examination indicate that it may have died as a result of starvation .	0	0.12	1	1.0			0.1690308509	0.5070925528	0.8451542547	0.1561737619	0.9370425713	0.3123475238	13
160	160	DS1	264	29729	Southern Ocean whale slaughter to resume	4-NonOver	However they expect a resumption of whaling and protest activity soon .	0	0.64	5	1.0			0.1690308509	0.8451542547	0.5070925528	0.3481553119	0.8703882798	0.3481553119	4
161	161	DS1	89	32104	Anti-whaling Sea Shepherd crew detained in South Africa	13-NonOver	This means the ship allegedly does not comply with the International Ship and Port Facility Security Code ( ISPS Code ) - a comprehensive set of measures to enhance the security of ships and port facilities .	0	0.1	1	1.0			0.1690308509	0.8451542547	0.5070925528	0.0	0.9922778767	0.1240347346	13
162	162	DS1	91	32104	Anti-whaling Sea Shepherd crew detained in South Africa	16-NonOver	However , Captain Paul Watson says political pressure from Japan is behind the detention of the boat .	0	0.21	2	1.0			0.1690308509	0.8451542547	0.5070925528	0.1240347346	0.9922778767	0.0	16
163	163	DS1	175	29729	Southern Ocean whale slaughter to resume	24-Over	Sea Shepherd had requested the presence of the Australian navy to monitor events in the Southern Ocean .	1	0.41	4	1.0			0.1643989873	0.0	0.9863939238	0.0	1.0	0.0	24
164	164	DS1	113	120875	500 stranded melon-headed whales rescued in Philippine bay	8-NonOver	`` This type of whale can be easily mistaken for dolphins because of their size and their teeth , which resemble those of dolphins .	0	0.19	2	1.0			0.1643989873	0.0	0.9863939238	0.0	0.8	0.6	8
165	165	DS1	262	18187	Greenpeace tries to thwart Chesapeake Bay fishing fleet	12-NonOver	The bay oyster population has suffered drastic declines from disease over the last two decades .	0	0.09	1	1.0			0.1643989873	0.9863939238	0.0	0.4364357805	0.2182178902	0.8728715609	12
166	166	DS1	256	18187	Greenpeace tries to thwart Chesapeake Bay fishing fleet	14-Over	Greenpeace says the species is near historic lows and predators that depend on the fish as a food source , such as striped bass , show signs of suffering from malnutrition and poor body condition .	1	0.57	2	1.0			0.1643989873	0.9863939238	0.0	0.0	0.3713906764	0.9284766909	14
167	167	DS1	154	25940	"Japan to hunt 950 whales for ""scientific research"""	7-Over	`` It 's time for the Japanese Government to respect the rest of the world - It 's time to stop whaling . ''	1	0.41	2	1.0			0.1643989873	0.9863939238	0.0	0.0	0.0	1.0	7
168	168	DS1	58	149645	48 whales beached in New Zealand	6-Over	This is the third mass stranding on the country 's coast this summer ; 125 pilot whales died in the two other beachings earlier , and another 43 were re-floated out to the ocean .	1	0.48	4	1.0			0.1643989873	0.9863939238	0.0	0.3713906764	0.0	0.9284766909	6
169	169	DS1	226	8453	Australian blitz on fish poaching	9-NonOver	Fishing by some Indonesian peoples has occurred legitimately in the area between the two nations for hundreds of years before European colonization .	0	0.19	1	1.0			0.1622214211	0.1622214211	0.9733285268	0.0	1.0	0.0	9
170	170	DS1	235	12184	International Whaling Commission adjourns for private talks	5-NonOver	Nauru , The Gambia , and Togo applied to join the commission last week , but have no voting rights until their membership payments are cleared , which could happen any time during the IWC meeting .	0	0.1	1	1.0			0.1622214211	0.1622214211	0.9733285268	0.0	0.9486832981	0.316227766	5
171	171	DS1	5	123451	One day after attempted rescue, six stranded whales die on Australian beach	10-Over	Almost 500 whales have died in five mass beachings over the last five months .	1	0.3	3	1.0			0.1622214211	0.9733285268	0.1622214211	0.4264014327	0.6396021491	0.6396021491	10
172	172	DS1	72	123451	One day after attempted rescue, six stranded whales die on Australian beach	13-Over	Scientists can not explain what draws whales so close to shore .	1	0.22	3	1.0			0.1561737619	0.3123475238	0.9370425713	0.1240347346	0.9922778767	0.0	13
173	173	DS1	205	28661	Greenpeace activists clash with Japanese whaling fleet in Southern Ocean	5-Over	The fleet - owned by Kyodo Senpaku and part-owned by Nissui , Japan 's second-largest marine products firm - is also targeting endangered fin whales for what they claim is a scientific program .	1	0.08	2	1.0			0.1561737619	0.9370425713	0.3123475238	0.5570860145	0.7427813527	0.3713906764	5
174	174	DS1	12	123451	One day after attempted rescue, six stranded whales die on Australian beach	6-NonOver	Three died of natural causes Wednesday , and the other three were shot by veterinarians due to their poor condition .	0	0.35	3	1.0			0.1561737619	0.9370425713	0.3123475238	0.5070925528	0.8451542547	0.1690308509	6
175	175	DS1	48	120875	500 stranded melon-headed whales rescued in Philippine bay	25-NonOver	It could be that the dolphins had lost their bearings and inadvertently ended up on the shallow portion of the coast unable to extricate themselves , '' said Dr Lemuel Aragones , Associate Professor at the UP Institute of Environmental Science and Meteorology .	0	0.09	3	1.0			0.1474419562	0.8846517369	0.4423258685	0.15430335	0.7715167498	0.6172133998	25
176	176	DS1	73	123451	One day after attempted rescue, six stranded whales die on Australian beach	7-Over	About 180 volunteers , wildlife officers and veterinarians participated in the Tuesday rescue effort , but officials said there had always been a risk that the whales could be stranded again .	1	0.3	3	1.0			0.1474419562	0.8846517369	0.4423258685	0.15430335	0.6172133998	0.7715167498	7
177	177	DS1	237	12184	International Whaling Commission adjourns for private talks	7-NonOver	The 66 member body is currently evenly split between pro- and anti-whaling countries .	0	0.58	5	1.0			0.1414213562	0.0	0.9899494937	0.0	0.9486832981	0.316227766	7
178	178	DS1	132	120875	500 stranded melon-headed whales rescued in Philippine bay	36-Over	`` The two animals were identified as melon-headed dolphins , weighing about 250 to 300 kilograms ( 550 to 660 pounds ) , '' explained Venturina , adding `` the third dolphin was only a month old and measured barely a meter long .	1	0.19	3	1.0			0.1414213562	0.0	0.9899494937	0.0	0.9899494937	0.1414213562	36
179	179	DS1	155	25940	"Japan to hunt 950 whales for ""scientific research"""	29-Over	He argues that Japan 's plans to double its whale take are an abuse of its legal right .	1	0.21	3	1.0			0.1414213562	0.9899494937	0.0	0.4082482905	0.4082482905	0.8164965809	29
180	180	DS1	110	88610	Sperm whale stranded off coast of Florida in the US	10-Over	It is rare for a Sperm whale to come to shore .	1	0.58	4	1.0			0.1400280084	0.1400280084	0.9801960588	0.0	0.9615239476	0.2747211279	10
181	181	DS1	94	84170	Japan fishermen clash with surfers over 2007 dolphin hunt	8-Over	Television crews and campaigners opposed to the culling were prevented by fishermen and local police from filming these activities .	1	0.22	3	1.0			0.1400280084	0.9801960588	0.1400280084	0.1690308509	0.8451542547	0.5070925528	8
182	182	DS1	59	149645	48 whales beached in New Zealand	8-Over	`` We thought everything was OK , we checked them in the boat and then we woke up this morning and saw a whole lot on the beach here . ''	1	0.29	1	1.0			0.1400280084	0.9801960588	0.1400280084	0.0	0.894427191	0.4472135955	8
183	183	DS1	31	43426	IWC passes pro-whaling resolution after close vote	20-Over	Dr. Joth Singh from the International Fund for Animal Welfare ( IFAW ) said , `` after losing on every single proposal they brought to this meeting , the whaling countries and their supporters cooked up a non-binding statement , sprang it on the commission and pushed it to a vote - they want to kill whales , and they 're willing to kill the Commission to do it . ''	1	0.08	1	1.0			0.1240347346	0.9922778767	0.0	0.9615239476	0.0	0.2747211279	20
184	184	DS1	60	149645	48 whales beached in New Zealand	9-Over	Campbell also commented that the whales were up to five metres ( seventeen feet ) long , and some of the calves were between a metre and a metre and a half ( three to five feet ) long .	1	0.24	2	1.0			0.1104315261	0.0	0.9938837347	0.0	1.0	0.0	9
185	185	DS1	75	88610	Sperm whale stranded off coast of Florida in the US	13-Over	Sperm whales are the most common of all the whales in the Gulf of Mexico .	1	0.51	4	1.0			0.0	0.0	1.0	0.0	0.9701425001	0.242535625	13
186	186	DS1	54	120875	500 stranded melon-headed whales rescued in Philippine bay	14-Over	The whales were about 200 meters from the shore .	1	0.73	6	1.0			0.0	0.0	1.0	0.0	0.894427191	0.4472135955	14
187	187	DS1	215	8453	Australian blitz on fish poaching	8-Over	Two boats each had one tonne of fish , and shark fin . ]	1	0.1	1	1.0			0.0	0.1643989873	0.9863939238	0.0	0.9863939238	0.1643989873	8
188	188	DS1	240	18187	Greenpeace tries to thwart Chesapeake Bay fishing fleet	4-Over	Greenpeace arrived with four fast moving out-board motor boats , manned by thirteen activists , who attempted to drive away the fish .	1	0.55	8	1.0			0.0	0.1643989873	0.9863939238	0.0	0.8	0.6	4
189	189	DS1	217	8453	Australian blitz on fish poaching	12-NonOver	At time of writing , it has not been ascertained whether the currently detained vessels were fishing in such `` traditional '' waters or not , or whether they were operated by crews who would have traditional fishing rights , if they had been in compliance with the MOU .	0	0.19	2	1.0			0.0	0.1961161351	0.9805806757	0.0	0.7071067812	0.7071067812	12
190	190	DS1	248	31462	Experts fear for the health of London whale	6-Over	The whale has already been partly beached on a few occasions , but each time has managed to free itself .	1	0.18	1	1.0			0.0	0.1961161351	0.9805806757	0.2357022604	0.9428090416	0.2357022604	6
191	191	DS1	257	18187	Greenpeace tries to thwart Chesapeake Bay fishing fleet	18-Over	They are also against an encroachment by Omega into Chesapeake waters .	1	0.29	1	1.0			0.0	0.2747211279	0.9615239476	0.0	0.894427191	0.4472135955	18
192	192	DS1	18	31648	Greenpeace, Sea Shepherds end Southern Ocean whaling protest	22-NonOver	Japan says it 's too early to tell what effect Greenpeace has had on its current research mission .	0	0.42	1	1.0			0.0	0.316227766	0.9486832981	0.0	0.9899494937	0.1414213562	22
193	193	DS1	114	120875	500 stranded melon-headed whales rescued in Philippine bay	31-Over	She cited the PMMSN training received by BFAR officers in Bataan during Tuesday 's mass beaching .	1	0.19	2	1.0			0.0	0.316227766	0.9486832981	0.0	0.9486832981	0.316227766	31
194	194	DS1	218	8453	Australian blitz on fish poaching	16-NonOver	The fishermen were expected to appear in court next week , reported Reuters news agency .	0	0.1	1	1.0			0.0	0.4472135955	0.894427191	0.0	0.9615239476	0.2747211279	16
195	195	DS1	96	101383	Protester says Japanese whalers shot him	23-NonOver	Protesters have been following the Nisshin Maru since Japan began its annual hunt for whales in the Southern Ocean in December .	0	0.5	5	1.0			0.0	0.4472135955	0.894427191	0.0	0.894427191	0.4472135955	23
196	196	DS1	207	8496	Norwegian whaling season starts with highest quota in a decade	11-Over	The number of whales caught by Norway has steadily increased since resumption of whaling in 1993 , with the 226 caught that year rising to over 500 in 1997 and 670 in 2003 .	1	0.66	9	1.0			0.0	0.5144957554	0.8574929257	0.1825741858	0.9128709292	0.3651483717	11
197	197	DS1	150	25940	"Japan to hunt 950 whales for ""scientific research"""	12-NonOver	In December , the Sea Shepherd Conservation Society will engage the Japanese whaling fleet in the Southern Ocean Whale Sanctuary .	0	0.11	1	1.0			0.0	0.5144957554	0.8574929257	0.0	0.9899494937	0.1414213562	12
198	198	DS1	261	29729	Southern Ocean whale slaughter to resume	17-NonOver	Greenpeace expedition leader Shane Rattenbury says the whalers have a season of about 100 days .	0	0.09	2	1.0			0.0	0.6	0.8	0.0	0.9284766909	0.3713906764	17
199	199	DS1	64	149645	48 whales beached in New Zealand	7-Over	`` It 's a very , very shallow bay in Port Levy , very muddy , so whether they were chasing food and got caught in the shallows , we do n't know , '' remarked department community relations manager Grant Campbell to the Associated Press .	1	0.15	4	1.0			0.0	0.6	0.8	0.0	0.9863939238	0.1643989873	7
200	200	DS1	146	25940	"Japan to hunt 950 whales for ""scientific research"""	18-Over	They are targeting endangered fin and humpback whales that are protected under the Convention on the Trade in Endangered Species of Flora and Fauna .	1	0.07	1	1.0			0.0	0.6246950476	0.7808688094	0.174077656	0.6963106238	0.6963106238	18
201	201	DS1	208	8496	Norwegian whaling season starts with highest quota in a decade	10-Over	Whale meat is used as steaks and in hamburgers and sausages in Norway .	1	0.19	3	1.0			0.0	0.7071067812	0.7071067812	0.0	0.9805806757	0.1961161351	10
202	202	DS1	156	25940	"Japan to hunt 950 whales for ""scientific research"""	21-Over	IFAW urges the Australian Government to take Japan to the international courts to bring this program to an immediate halt .	1	0.16	1	1.0			0.0	0.7071067812	0.7071067812	0.0	0.9805806757	0.1961161351	21
203	203	DS1	16	31648	Greenpeace, Sea Shepherds end Southern Ocean whaling protest	4-Over	The Sea Shepherd 's Farley Mowat has also left the area due to a refuelling cancellation .	1	0.85	7	1.0			0.0	0.7071067812	0.7071067812	0.0	0.9486832981	0.316227766	4
204	204	DS1	186	31648	Greenpeace, Sea Shepherds end Southern Ocean whaling protest	5-Over	The three ships were in the Whale Sanctuary where the controversial Japanese whaling fleet continue to hunt and kill hundreds of Minke whales , including the endangered Fin whales - for what Japan calls `` lethal scientific research . ''	1	0.26	4	1.0			0.0	0.7071067812	0.7071067812	0.3651483717	0.9128709292	0.1825741858	5
205	205	DS1	140	87842	Japan backs down from hunting Humpback whales	5-Over	Environmental group Greenpeace welcomed the decision , but the Japanese whaling fleet is still planning to catch around a 1,000 minke and fin whales - its largest catch ever - for what the government calls `` scientific research . ''	1	0.93	13	1.0			0.0	0.7071067812	0.7071067812	0.5773502692	0.5773502692	0.5773502692	5
206	206	DS1	128	101383	Protester says Japanese whalers shot him	17-Over	If Watson 's statements are proven to be true , the actions of the Japanese saliors represents a breach of international law .	1	0.1	1	1.0			0.0	0.7071067812	0.7071067812	0.1961161351	0.7844645406	0.5883484054	17
207	207	DS1	216	8453	Australian blitz on fish poaching	6-NonOver	Intelligence indicated what he called `` organised transnational criminal activity '' , including some Asian connections beyond the Indonesian village ports where the vessels originated , but the activity was apparently limited to illegal fishing , and did not include smuggling .	0	0.19	2	1.0			0.0	0.7808688094	0.6246950476	0.0	0.7808688094	0.6246950476	6
208	208	DS1	190	28687	Japanese whaling ship to dock in Hobart	5-Over	The government stated it is opposed to commercial whaling , but that taking such action would be `` counter-productive '' .	1	0.29	1	1.0			0.0	0.7808688094	0.6246950476	0.1690308509	0.8451542547	0.5070925528	5
209	209	DS1	273	29729	Southern Ocean whale slaughter to resume	11-NonOver	We are certain that they do not want any further publicity . ''	0	0.11	1	1.0			0.0	0.7808688094	0.6246950476	0.0	0.6246950476	0.7808688094	11
210	210	DS1	148	25940	"Japan to hunt 950 whales for ""scientific research"""	8-Over	A Greenpeace statement dismisses the assertion of the Japanese government that whales are contributing to the collapse of fish stocks .	1	0.07	1	1.0			0.0	0.8	0.6	0.0	0.9284766909	0.3713906764	8
211	211	DS1	174	29729	Southern Ocean whale slaughter to resume	31-Over	The spokesman had no response to Greenpeace 's claim that another vessel had joined the whaling fleet and was refuelling the ships within the boundary of the Antarctic Treaty 's nature reserve .	1	0.21	1	1.0			0.0	0.8	0.6	0.4364357805	0.8728715609	0.2182178902	31
212	212	DS1	92	84170	Japan fishermen clash with surfers over 2007 dolphin hunt	5-Over	Whaling in Taiji usually yields 2,000 dolphins per year using the dolphin drive hunting method .	1	0.33	6	1.0			0.0	0.8	0.6	0.4850712501	0.7276068751	0.4850712501	5
213	213	DS1	95	84170	Japan fishermen clash with surfers over 2007 dolphin hunt	9-Over	Although the practice of aquatic mammal hunting is condemned by many groups worldwide as well as within Japan , whaling is seen by those involved as a long-practiced cultural tradition that should be defended .	1	0.44	3	1.0			0.0	0.8	0.6	0.0	0.6	0.8	9
214	214	DS1	102	101383	Protester says Japanese whalers shot him	18-NonOver	Japan claimed that four crew members of the Nisshin Maru were injured in the confrontation , but Watson denied this .	0	0.09	3	1.0			0.0	0.8	0.6	0.0	0.9284766909	0.3713906764	18
215	215	DS1	115	120875	500 stranded melon-headed whales rescued in Philippine bay	18-NonOver	They were making hooting sounds , '' Joson explained the mass beaching .	0	0.19	1	1.0			0.0	0.8	0.6	0.2294157339	0.6882472016	0.6882472016	18
216	216	DS1	15	123451	One day after attempted rescue, six stranded whales die on Australian beach	15-Over	At least one of the whales was attacked by sharks , officials said .	1	0.12	1	1.0			0.0	0.8320502943	0.5547001962	0.4866642634	0.8111071057	0.3244428423	15
217	217	DS1	166	31479	Rescue teams try to save London whale	10-Over	If the whale is considered to be in too weak a condition to survive , it may be euthanised , experts have said .	1	0.25	4	1.0			0.0	0.8574929257	0.5144957554	0.0	0.7071067812	0.7071067812	10
218	218	DS1	105	48098	Confrontation between Greenpeace and fishermen off Marseille	6-Over	After blockading the ship , the fishermen blockaded the commercial harbour of Marseille , blocking traffic of passengers .	1	0.51	8	1.0			0.0	0.8574929257	0.5144957554	0.4082482905	0.4082482905	0.8164965809	6
219	219	DS1	122	101383	Protester says Japanese whalers shot him	4-NonOver	Watson said he was hit in the chest and found a bullet in the ballistic vest he was wearing .	0	0.5	5	1.0			0.0	0.8574929257	0.5144957554	0.1961161351	0.7844645406	0.5883484054	4
220	220	DS1	100	101383	Protester says Japanese whalers shot him	6-Over	He says one of his crew members received minor injuries after being hit by a flash grenade .	1	0.1	3	1.0			0.0	0.8574929257	0.5144957554	0.1825741858	0.9128709292	0.3651483717	6
221	221	DS1	43	163255	Whaling activist arrested by Japan	6-Over	Japan 's whaling program , which the government says is a part of Japanese culture , results in the killings of around a thousand whales annually in hunts that the government claims are for scientific research .	1	0.34	5	1.0			0.0	0.8574929257	0.5144957554	0.4264014327	0.6396021491	0.6396021491	6
222	222	DS1	269	29729	Southern Ocean whale slaughter to resume	18-NonOver	`` Their quota is 945 whales .	0	0.52	2	1.0			0.0	0.894427191	0.4472135955	0.2672612419	0.8017837257	0.5345224838	18
223	223	DS1	280	30046	Indonesian fishermen jailed for fishing offences in Australian waters	5-Over	The fisherman were found in possession of nearly two tonnes of trochus shell , a shell valued for fashioning into high quality buttons , beads and trinkets .	1	0.64	7	1.0			0.0	0.894427191	0.4472135955	0.0	0.7808688094	0.6246950476	5
224	224	DS1	112	101383	Protester says Japanese whalers shot him	15-NonOver	Smith stated : `` I absolutely condemn actions by crew members of any vessel that cause injury -- or have the potential to cause injury -- to anyone on the high seas ... The Australian Government once again calls on all parties in the Southern Ocean -- including all protest and whaling vessels , and their respective crews -- to exercise restraint . ''	0	0.19	6	1.0			0.0	0.894427191	0.4472135955	0.3713906764	0.5570860145	0.7427813527	15
225	225	DS1	121	101383	Protester says Japanese whalers shot him	19-Over	Japanese Chief Cabinet Secretary Nobutaka Machimura criticized the Sea Shepherd group in a statement to reporters : `` They have repeatedly resorted to such activities and it is truly unforgivable ... Is it all right to hurt humans in order to protect whales ?	1	0.63	8	1.0			0.0	0.894427191	0.4472135955	0.3481553119	0.3481553119	0.8703882798	19
226	226	DS1	98	101383	Protester says Japanese whalers shot him	24-NonOver	Both New Zealand and Australia have led international protests against the hunting of whales .	0	0.1	2	1.0			0.0	0.894427191	0.4472135955	0.0	0.9805806757	0.1961161351	24
227	227	DS1	44	163255	Whaling activist arrested by Japan	4-Over	Immediately after boarding the vessel , Bethune was detained by the Japanese crew and held on board the ship for a month before it returned to Japan , where he was arrested by a waiting Coast Guard delegation and placed into custody in Tokyo .	1	0.57	6	1.0			0.0	0.894427191	0.4472135955	0.0	0.4472135955	0.894427191	4
228	228	DS1	131	120875	500 stranded melon-headed whales rescued in Philippine bay	28-NonOver	It is possible that the leader of this dolphin [ pod ] had somehow lost its way .	0	0.19	4	1.0			0.0	0.91914503	0.3939192986	0.1360827635	0.9525793444	0.272165527	28
229	229	DS1	223	8453	Australian blitz on fish poaching	13-Over	Senator MacDonald told the ABC Radio programme AM that he expected in the case of those thought to have been fishing in Australian waters illegally , the captain and perhaps the senior fishing master would be charged , with other crew being immediately repatriated to Indonesia .	1	0.61	7	1.0			0.0	0.9284766909	0.3713906764	0.4850712501	0.7276068751	0.4850712501	13
230	230	DS1	152	25940	"Japan to hunt 950 whales for ""scientific research"""	6-Over	`` Japan 's attempt to dress up its commercial whaling as science is an insult to modern science , '' said International Fund for Animal Welfare ( IFAW ) Director of Wildlife and Habitat .	1	0.34	7	1.0			0.0	0.9284766909	0.3713906764	0.4850712501	0.4850712501	0.7276068751	6
231	231	DS1	195	28661	Greenpeace activists clash with Japanese whaling fleet in Southern Ocean	20-NonOver	`` Once the whales have been measured and weighed by the ` scientists ' the butchers get to work and the whales are cut up and boxed for market .	0	0.09	1	1.0			0.0	0.9284766909	0.3713906764	0.3713906764	0.0	0.9284766909	20
232	232	DS1	142	29729	Southern Ocean whale slaughter to resume	25-Over	However , Australia 's environment minister , Senator Ian Campbell , said that Sea Shepherd 's threats to attack the fleet `` risk setting back the cause of whale conservation many years '' .	1	0.31	2	1.0			0.0	0.9284766909	0.3713906764	0.2294157339	0.6882472016	0.6882472016	25
233	233	DS1	97	101383	Protester says Japanese whalers shot him	9-NonOver	Tokyo denied Watson 's account , stating that `` warning devices '' were thrown after their ship had been attacked .	0	0.2	3	1.0			0.0	0.9284766909	0.3713906764	0.4364357805	0.8728715609	0.2182178902	9
234	234	DS1	203	28661	Greenpeace activists clash with Japanese whaling fleet in Southern Ocean	11-Over	He said the Japanese boat fought back with water cannons and one of several Greenpeace inflatables capsized in the wash .	1	0.72	5	1.0			0.0	0.9486832981	0.316227766	0.0	0.7071067812	0.7071067812	11
235	235	DS1	282	30046	Indonesian fishermen jailed for fishing offences in Australian waters	17-Over	Legal Aid lawyer David McKenzie , says the fishermen were very poor and it was highly unlikely they would be able to pay the fines .	1	0.48	4	1.0			0.0	0.9486832981	0.316227766	0.1825741858	0.9128709292	0.3651483717	17
236	236	DS1	251	31462	Experts fear for the health of London whale	5-Over	Experts say that the whale is now looking increasingly distressed , with numerous cuts to its body .	1	0.74	9	1.0			0.0	0.9486832981	0.316227766	0.8574929257	0.5144957554	0.0	5
237	237	DS1	138	58447	Ship accident in Norwegian sea causes environmental catastrophe	6-Over	At noon next day it was reported that 290 tons of heavy fuel oil had leaked out onto the sea .	1	0.65	7	1.0			0.0	0.9486832981	0.316227766	0.8164965809	0.4082482905	0.4082482905	6
238	238	DS1	123	101383	Protester says Japanese whalers shot him	13-Over	Australian Foreign Minister Stephen Smith released a statement regarding information he received from Japanese officials : `` Japanese officials have now advised the Australian embassy in Tokyo that during the incident in the Southern Ocean this afternoon , three warning balls -- also known as flashbangs -- had been fired ... Japanese officials have advised that these devices are designed to make a loud noise but not to injure , and that no gunshots had been fired . ''	1	0.25	6	1.0			0.0	0.9486832981	0.316227766	0.4082482905	0.8164965809	0.4082482905	13
239	239	DS1	230	7290	13 pilot whales returning to sea, off Western Australia	5-Over	The whales had become stranded early yesterday .	1	0.42	2	1.0			0.0	0.9615239476	0.2747211279	0.1561737619	0.9370425713	0.3123475238	5
240	240	DS1	250	31462	Experts fear for the health of London whale	4-Over	There were hopes that the whale was heading back out to sea , but these were dashed by a fresh sighting of the whale from Albert bridge in Chelsea .	1	0.55	5	1.0			0.0	0.9615239476	0.2747211279	0.0	0.2747211279	0.9615239476	4
241	241	DS1	37	139305	Humpback whale found dead in River Thames, England	8-Over	After being moved to Denton Wharf at Gravesend in Kent , a postmortem examination by the Zoological Society of London revealed that he had died of starvation , and was estimated to be about two years old .	1	0.07	3	1.0			0.0	0.9615239476	0.2747211279	0.0	0.9615239476	0.2747211279	8
242	242	DS1	213	8496	Norwegian whaling season starts with highest quota in a decade	6-Over	Speaking to the Associated Press , one activist said `` Increased whaling is no solution for the problems along the coast . ''	1	0.27	1	1.0			0.0	0.9805806757	0.1961161351	0.0	0.894427191	0.4472135955	6
243	243	DS1	178	28661	Greenpeace activists clash with Japanese whaling fleet in Southern Ocean	7-Over	Greenpeace say they have asked the whalers to stop whaling immediately and return to Japan , but have received no response from the vessels .	1	0.83	8	1.0			0.0	0.9805806757	0.1961161351	0.0	0.894427191	0.4472135955	7
244	244	DS1	274	29729	Southern Ocean whale slaughter to resume	9-Over	`` What the fleet is doing is trying to outrun Greenpeace so that it can sneak back into the whaling grounds and resume the kill , '' he said .	1	0.45	3	1.0			0.0	0.9805806757	0.1961161351	0.7071067812	0.0	0.7071067812	9
245	245	DS1	111	101383	Protester says Japanese whalers shot him	10-NonOver	Japan 's foreign ministry said that their coastguard on the Nisshin Maru threw a baseball-sized device which exploded near the protesters ' ship and emitted a loud sound , and was not designed to cause harm to anyone .	0	0.19	6	1.0			0.0	0.9805806757	0.1961161351	0.0	0.4472135955	0.894427191	10
246	246	DS1	120	101383	Protester says Japanese whalers shot him	12-Over	Inwood stated there had been `` retaliation '' when the Japanese coast guards fired warning balls at the Steve Irwin .	1	0.38	3	1.0			0.0	0.9805806757	0.1961161351	0.2672612419	0.5345224838	0.8017837257	12
247	247	DS1	71	123451	One day after attempted rescue, six stranded whales die on Australian beach	5-Over	Six of the rescued whales washed up on a different beach less than a day later .	1	0.82	10	1.0			0.0	0.9805806757	0.1961161351	0.2672612419	0.5345224838	0.8017837257	5
248	248	DS1	147	25940	"Japan to hunt 950 whales for ""scientific research"""	30-Over	`` The number of whales that Japan purports to take is not commensurate with the number of whales that would be necessary to engage in scientific research , '' he said .	1	0.99	7	1.0			0.0	0.9863939238	0.1643989873	0.4850712501	0.4850712501	0.7276068751	30
249	249	DS1	135	58447	Ship accident in Norwegian sea causes environmental catastrophe	8-Over	A nature reservation area for birds is in imminent danger of pollution .	1	0.11	2	1.0			0.0	0.9863939238	0.1643989873	0.2294157339	0.6882472016	0.6882472016	8
250	250	DS1	80	87842	Japan backs down from hunting Humpback whales	13-Over	Although Tokyo vigorously defends the whale hunt as scientific research , whale meat - a delicacy in Japan - ends up in supermarkets .	1	0.2	4	1.0			0.0	0.9863939238	0.1643989873	0.0	0.8	0.6	13
251	251	DS1	225	8453	Australian blitz on fish poaching	11-Over	However analysts say the Australian government strategy is flawed , since it is based on the fishing technology employed , rather than catch numbers .	1	0.68	4	1.0			0.0	0.9899494937	0.1414213562	0.1622214211	0.9733285268	0.1622214211	11
252	252	DS1	244	25940	"Japan to hunt 950 whales for ""scientific research"""	13-NonOver	The Sea Shepherds say the Japanese whale kill is illegal .	0	0.22	4	1.0			0.0	0.9899494937	0.1414213562	0.4082482905	0.4082482905	0.8164965809	13
253	253	DS1	149	25940	"Japan to hunt 950 whales for ""scientific research"""	22-Over	Japan plans to kill over 900 minke whales and ten fin whales during the next six months as part of its whaling program , JAPRA II , marking a sharp escalation in Japan 's whaling activities .	1	0.9	12	1.0			0.0	0.9899494937	0.1414213562	0.9733285268	0.1622214211	0.1622214211	22
254	254	DS1	201	28661	Greenpeace activists clash with Japanese whaling fleet in Southern Ocean	18-Over	Greenpeace say over the next 2 years , 40 more fin whales will be added to the annual kill , along with 50 humpback whales .	1	0.2	4	1.0			0.0	0.9899494937	0.1414213562	0.8164965809	0.4082482905	0.4082482905	18
255	255	DS1	260	29729	Southern Ocean whale slaughter to resume	36-NonOver	Greenpeace believes the fleet killed at least 25 whales from the time it contacted the whalers just before Christmas .	0	0.28	4	1.0			0.0	0.9899494937	0.1414213562	0.4082482905	0.4082482905	0.8164965809	36
256	256	DS1	254	30046	Indonesian fishermen jailed for fishing offences in Australian waters	18-Over	The magistrate ordered that they spend between 60 and 100 days in jail in Western Australia if the fines were not paid .	1	0.36	2	1.0			0.0	0.9899494937	0.1414213562	0.0	0.7071067812	0.7071067812	18
257	257	DS1	67	43426	IWC passes pro-whaling resolution after close vote	14-Over	Greenpeace activist Adele blogged the news from their Stockholm office expressing reservations over the legitimacy of the vote saying it would `` change little or nothing '' as previous votes had already been passed in favour of the anti-whaling group of countries .	1	0.25	5	1.0			0.0	0.9899494937	0.1414213562	0.4264014327	0.6396021491	0.6396021491	14
258	258	DS1	109	88610	Sperm whale stranded off coast of Florida in the US	4-Over	For a while on Sunday , the whale , which is believed to be juvenile , was stuck on a sandbar near the city of St. Petersburg .	1	0.46	5	1.0			0.0	0.9899494937	0.1414213562	0.1961161351	0.5883484054	0.7844645406	4
259	259	DS1	243	25940	"Japan to hunt 950 whales for ""scientific research"""	26-NonOver	Leading international law expert , Professor Don Rothwell , has advised IFAW that the Japanese Government is breaching international laws with JARPA II .	0	0.07	1	1.0			0.0	0.9922778767	0.1240347346	0.5570860145	0.7427813527	0.3713906764	26
260	260	DS1	159	25940	"Japan to hunt 950 whales for ""scientific research"""	28-Over	Japan is targeting whales that are listed as endangered .	1	0.64	4	1.0			0.0	0.9922778767	0.1240347346	0.3123475238	0.1561737619	0.9370425713	28
261	261	DS1	277	30046	Indonesian fishermen jailed for fishing offences in Australian waters	12-Over	On Thursday , skippers of 11 Indonesian fishing boats were fined by a Perth court .	1	0.48	7	1.0			0.0	0.9922778767	0.1240347346	0.0	0.7808688094	0.6246950476	12
262	262	DS1	139	58447	Ship accident in Norwegian sea causes environmental catastrophe	7-NonOver	The spilt oil has covered ground along the coast and is reported to be still spreading .	0	0.22	1	1.0			0.0	0.9938837347	0.1104315261	0.6666666667	0.3333333333	0.6666666667	7
263	263	DS1	232	7290	13 pilot whales returning to sea, off Western Australia	7-Over	Western Australian State Government Department of Conservation and Land Management ( CALM ) officers feared that the whales could become stranded again .	1	0.34	4	1.0			0.0	1.0	0.0	0.1825741858	0.3651483717	0.9128709292	7
264	264	DS1	209	8496	Norwegian whaling season starts with highest quota in a decade	7-Over	However despite international opposition , it is unlikely Norway will end whaling anytime soon .	1	0.38	3	1.0			0.0	1.0	0.0	0.1622214211	0.1622214211	0.9733285268	7
265	265	DS1	255	18187	Greenpeace tries to thwart Chesapeake Bay fishing fleet	8-Over	An Omega spokesman Toby Gascon said of Greenpeace , `` They have now demonstrated that their real agenda is to put Omega out of business , even if it means risking the safety of Omega 's fishermen . ''	1	0.77	8	1.0			0.0	1.0	0.0	0.4472135955	0.0	0.894427191	8
266	266	DS1	242	25940	"Japan to hunt 950 whales for ""scientific research"""	5-Over	Japan 's whaling program , which is claimed to be for scientific purposes , is expected to kill nearly one thousand whales this season .	1	0.97	13	1.0			0.0	1.0	0.0	0.4472135955	0.0	0.894427191	5
267	267	DS1	157	25940	"Japan to hunt 950 whales for ""scientific research"""	16-Over	According to Sea Shepherd : `` The Japanese are violating the Southern Ocean Sanctuary .	1	0.32	5	1.0			0.0	1.0	0.0	0.2182178902	0.4364357805	0.8728715609	16
268	268	DS1	241	25940	"Japan to hunt 950 whales for ""scientific research"""	23-Over	`` It is a dark day for some of the world 's most magnificent creatures .	1	0.18	2	1.0			0.0	1.0	0.0	0.4364357805	0.2182178902	0.8728715609	23
269	269	DS1	151	25940	"Japan to hunt 950 whales for ""scientific research"""	24-NonOver	Let 's be under no illusion -- this is commercial whaling in disguise .	0	0.23	4	1.0			0.0	1.0	0.0	0.4082482905	0.4082482905	0.8164965809	24
270	270	DS1	177	28661	Greenpeace activists clash with Japanese whaling fleet in Southern Ocean	19-NonOver	`` This whale hunt is unnecessary , unjustified , and unwanted , '' said Rattenbury .	0	0.25	3	1.0			0.0	1.0	0.0	0.4472135955	0.0	0.894427191	19
271	271	DS1	197	28661	Greenpeace activists clash with Japanese whaling fleet in Southern Ocean	24-Over	Japan 's whaling program is expected to kill nearly one thousand whales this season .	1	0.21	3	1.0			0.0	1.0	0.0	0.8017837257	0.2672612419	0.5345224838	24
272	272	DS1	259	29729	Southern Ocean whale slaughter to resume	21-Over	They 're under a bit of pressure to get on with the business . ''	1	0.09	1	1.0			0.0	1.0	0.0	0.0	0.8574929257	0.5144957554	21
273	273	DS1	279	30046	Indonesian fishermen jailed for fishing offences in Australian waters	6-NonOver	They face jail terms up to a year .	0	0.4	2	1.0			0.0	1.0	0.0	0.8017837257	0.2672612419	0.5345224838	6
274	274	DS1	281	30046	Indonesian fishermen jailed for fishing offences in Australian waters	14-NonOver	The remaining eight were fined $ 9000 each and given 60 days to pay .	0	0.08	1	1.0			0.0	1.0	0.0	0.5773502692	0.5773502692	0.5773502692	14
275	275	DS1	171	31479	Rescue teams try to save London whale	15-Over	However , the inital surprise at seeing the whale soon turned to concern as experts fear for the whale 's long term health .	1	0.33	6	1.0			0.0	1.0	0.0	0.1825741858	0.3651483717	0.9128709292	15
276	276	DS1	23	31648	Greenpeace, Sea Shepherds end Southern Ocean whaling protest	17-NonOver	The incidents caused slanging matches between Greenpeace and Japan 's Institute of Cetacean Research , both arguing they had evidence the other was at fault .	0	0.44	6	1.0			0.0	1.0	0.0	0.1622214211	0.1622214211	0.9733285268	17
277	277	DS1	119	43426	IWC passes pro-whaling resolution after close vote	12-NonOver	Some observers , including scientists from New Zealand , have accused Japan and Iceland of simply using scientific whaling as a legal loophole .	0	0.16	1	1.0			0.0	1.0	0.0	0.4866642634	0.3244428423	0.8111071057	12
278	278	DS1	30	43426	IWC passes pro-whaling resolution after close vote	15-Over	Mike Townsley from Greenpeace International said , `` Greenpeace is disgusted that any member of the IWC would seek to promote whaling based upon the false notion that whales consume so much fish that they are a threat to food security for coastal nations '' .	1	0.4	5	1.0			0.0	1.0	0.0	1.0	0.0	0.0	15
279	279	DS1	84	87842	Japan backs down from hunting Humpback whales	14-Over	On Wednesday , Australian Foreign Minister Stephen Smith said bluntly that the Japanese hunt was not science , but `` the slaughter of whales . ''	1	0.15	4	1.0			0.0	1.0	0.0	0.7071067812	0.0	0.7071067812	14
280	280	DS1	124	101383	Protester says Japanese whalers shot him	16-Over	Watson explained to Australia 's ABC News that the Japanese whalers had no reason to fire on the protesters : `` We were doing what we usually do , which is putting stink bombs on deck ... We go out of our way to make sure we do n't throw them near anybody , but they were throwing the flash grenades directly at us . ''	1	0.58	10	1.0			0.0	1.0	0.0	0.894427191	0.0	0.4472135955	16
281	281	DS1	70	123451	One day after attempted rescue, six stranded whales die on Australian beach	11-Over	The West Australian coast has seen 21 mass whale and dolphin strandings since 1984 , according to the department .	1	0.37	5	1.0			0.0	1.0	0.0	0.9045340337	0.3015113446	0.3015113446	11
282	282	DS1	13	123451	One day after attempted rescue, six stranded whales die on Australian beach	14-Over	The whales were stranded Wednesday in a remote location where conservation officials could not transport rescue equipment .	1	0.82	6	1.0			0.0	1.0	0.0	0.5773502692	0.5773502692	0.5773502692	14
283	283	DS1	61	149645	48 whales beached in New Zealand	13-Over	Whales are frequently stranded on the beaches of New Zealand each summer , as they travel en route from Antarctica to breeding grounds .	1	0.9	7	1.0			0.0	1.0	0.0	0.1825741858	0.3651483717	0.9128709292	13
